{
	"model": {
		"Parameters": [
			[2],
			[2],
			[3],
			[0.1],
			[0]
		],
		"nr_class": 2,
		"totalSV": 150,
		"rho": 5.24396455e-06,
		"Label": {
			"_ArrayType_": "double",
			"_ArraySize_": [0,0],
			"_ArrayData_": null
		},
		"sv_indices": [
			[1],
			[2],
			[3],
			[4],
			[7],
			[8],
			[10],
			[12],
			[13],
			[15],
			[17],
			[18],
			[20],
			[21],
			[23],
			[25],
			[28],
			[32],
			[33],
			[34],
			[37],
			[39],
			[40],
			[41],
			[43],
			[44],
			[45],
			[47],
			[48],
			[49],
			[53],
			[54],
			[55],
			[57],
			[60],
			[61],
			[62],
			[64],
			[65],
			[69],
			[74],
			[76],
			[77],
			[78],
			[80],
			[82],
			[83],
			[84],
			[85],
			[86],
			[89],
			[92],
			[94],
			[96],
			[101],
			[102],
			[103],
			[106],
			[108],
			[112],
			[114],
			[120],
			[121],
			[127],
			[128],
			[129],
			[132],
			[133],
			[134],
			[136],
			[137],
			[138],
			[139],
			[141],
			[142],
			[144],
			[145],
			[146],
			[147],
			[148],
			[150],
			[152],
			[153],
			[154],
			[155],
			[160],
			[161],
			[163],
			[165],
			[167],
			[168],
			[170],
			[171],
			[172],
			[173],
			[174],
			[175],
			[177],
			[178],
			[179],
			[180],
			[181],
			[182],
			[183],
			[184],
			[185],
			[188],
			[189],
			[190],
			[191],
			[192],
			[193],
			[196],
			[197],
			[198],
			[201],
			[202],
			[204],
			[205],
			[206],
			[207],
			[213],
			[215],
			[216],
			[217],
			[218],
			[219],
			[220],
			[221],
			[223],
			[224],
			[225],
			[226],
			[228],
			[229],
			[230],
			[231],
			[232],
			[234],
			[235],
			[237],
			[239],
			[241],
			[242],
			[247],
			[248],
			[249],
			[250],
			[251],
			[252]
		],
		"ProbA": {
			"_ArrayType_": "double",
			"_ArraySize_": [0,0],
			"_ArrayData_": null
		},
		"ProbB": {
			"_ArrayType_": "double",
			"_ArraySize_": [0,0],
			"_ArrayData_": null
		},
		"nSV": {
			"_ArrayType_": "double",
			"_ArraySize_": [0,0],
			"_ArrayData_": null
		},
		"sv_coef": [2.285726508e-06,2.200590616e-06,1.887909408e-06,2.367181569e-06,7.483217755e-07,1.466243901e-06,1.688770498e-06,5.942075619e-07,3.628228995e-07,6.211241643e-07,3.14054524e-06,1.575049397e-06,3.083696438e-07,1.672576881e-06,2.553354106e-06,8.35848312e-07,8.204768281e-07,1.253268944e-06,1.642560992e-06,1.406933555e-06,1.408012226e-06,1.731034705e-06,2.877191686e-07,2.608015332e-06,6.789332381e-07,2.180748649e-06,1.224206699e-07,1.783536943e-06,2.390014254e-06,1.162302361e-06,8.765573345e-07,4.321389338e-07,1.593434886e-07,7.934143499e-07,5.397692183e-07,2.737081401e-06,1.869318277e-06,3.376752837e-06,1.854068906e-06,1.208186567e-06,1.265981843e-06,2.858281412e-06,2.519022027e-06,1.492857535e-06,2.837983972e-06,3.480545709e-08,1.823140187e-06,1.142366501e-06,1.659771187e-06,3.224944869e-06,2.274695862e-06,1.004526096e-06,2.458145608e-06,1.229653577e-06,9.972969421e-07,1.04291725e-06,1.497983367e-06,1.438804629e-06,1.145392512e-06,1.030127812e-06,2.794702254e-06,2.622888804e-06,3.373498421e-06,3.247159793e-06,2.629106117e-06,1.328834476e-06,1.976822595e-07,1.387869884e-06,2.339951477e-07,5.387001302e-07,3.221428821e-06,1.126203282e-06,1.543860895e-06,1.014349919e-06,2.601624857e-06,2.422173273e-06,9.879090025e-07,2.143019764e-06,3.295040805e-06,2.888843839e-06,1.987373239e-06,5.736058364e-07,3.454801669e-06,3.643745276e-06,1.18278167e-06,2.165861372e-06,8.134519348e-07,1.120032738e-08,6.525042677e-08,1.193045594e-06,9.890302721e-07,2.277531447e-06,1.426748684e-06,4.713114756e-07,1.826747517e-06,3.477492037e-06,1.239582951e-06,3.185326594e-07,8.869559648e-07,2.071204736e-06,7.790902297e-07,4.576513193e-07,1.651873667e-06,3.56634328e-06,3.806998037e-06,2.341199832e-07,2.193168379e-07,1.192392617e-06,1.766799384e-06,2.433133941e-06,3.344381631e-06,9.052312298e-07,3.105673219e-06,1.056257976e-06,2.825391836e-08,3.346375082e-06,4.628822617e-07,1.489756059e-06,2.331210741e-06,1.237048317e-06,6.783362155e-07,3.51985762e-06,3.89132215e-06,3.322117166e-07,3.971462939e-06,2.396604102e-06,1.043729325e-06,1.760302205e-06,1.330995093e-06,1.272111718e-06,2.772706883e-06,2.47790899e-06,3.01819039e-06,2.101511041e-06,1.045964979e-06,2.310364022e-06,1.310717323e-06,3.251073368e-06,3.561625101e-07,2.110704025e-06,1.569779678e-06,1.502713617e-06,3.20077894e-08,1.418793119e-06,3.060077233e-06,1.300212486e-06,3.608203479e-06,7.551550358e-07,3.630870098e-06,4.700639792e-07],