{
	"model": {
		"Parameters": [
			[2],
			[2],
			[3],
			[0.1],
			[0]
		],
		"nr_class": 2,
		"totalSV": 23,
		"rho": 2.432659268e-06,
		"Label": {
			"_ArrayType_": "double",
			"_ArraySize_": [0,0],
			"_ArrayData_": null
		},
		"sv_indices": [
			[1],
			[2],
			[3],
			[4],
			[5],
			[6],
			[7],
			[8],
			[9],
			[10],
			[11],
			[14],
			[15],
			[16],
			[17],
			[18],
			[19],
			[20],
			[21],
			[23],
			[24],
			[25],
			[26]
		],
		"ProbA": {
			"_ArrayType_": "double",
			"_ArraySize_": [0,0],
			"_ArrayData_": null
		},
		"ProbB": {
			"_ArrayType_": "double",
			"_ArraySize_": [0,0],
			"_ArrayData_": null
		},
		"nSV": {
			"_ArrayType_": "double",
			"_ArraySize_": [0,0],
			"_ArrayData_": null
		},
		"sv_coef": [1.745790375e-06,1.445561299e-06,1.224297803e-06,9.061119124e-07,8.021376117e-07,4.618252847e-07,7.14087341e-07,3.782967129e-07,6.444702715e-07,9.095680956e-07,3.83245637e-07,3.828786025e-07,1.288311593e-06,1.218454077e-06,1.676874062e-06,7.141061288e-07,2.000927555e-06,1.215237717e-06,1.611076829e-06,1.534109814e-06,1.365120495e-06,1.740884087e-06,1.636626695e-06],
		"SVs": [
			[0,3,2.285355401,3,-1.817824236,3,-2.72253705,3,-0.8209485801,-3],
			[0.1666666667,2.995886326,-3,2.379163525,-2.061656213,3,-3,2.44778829,-3,2.995328084],
			[0,3,3,-3,-3,3,-0.6988604298,3,3,-3],
			[0,3,3,-3,-3,3,-3,3,3,-3],
			[0,3,3,2.906258692,-0.5957172098,3,1.534521418,2.957625962,0.5065175511,-2.315327405],
			[0,3,3,0.601692744,-0.009519521007,3,-1.135013001,2.248462009,0.1830830348,-2.319517871],
			[0,3,-3,3,-2.822202064,3,-1.650397319,3,-0.8206491323,3],
			[0.2333333333,2.54569792,0.9972208324,1.904333273,0.5723746405,2.848726451,-0.6173514188,2.31664638,-0.7886391962,-2.281618373],
			[0,3,2.458817932,3,0.2327617723,3,-0.8690945019,0.4734480035,0.5409567313,-2.040197223],
			[0,3,3,-2.929267801,-3,3,-2.590768616,3,3,0.1159530754],
			[0,3,2.288224434,3,0.1813579733,3,-0.7783133054,3,0.1416173976,-0.3208860306],
			[0,2.589978859,3,-1.260426555,-3,3,-2.466010023,0.7880497479,2.980677074,-1.200207217],
			[0,3,1.003426783,2.668745957,1.493724842,3,-0.4367577695,3,2.415465833,-2.732933959],
			[0,0.1618685562,3,-0.180429812,-3,3,-2.464387971,3,3,-1.033015381],
			[0,3,1.426926803,1.322883482,3,3,2.507559538,1.830631811,-0.1240242865,-1.117644926],
			[0,3,3,0.8031449056,-3,3,-2.190239117,2.61618638,3,-1.43066864],
			[0,1.093285397,3,3,-0.3069958039,2.525727739,0.3613712554,0.3890472037,3,1.372310311],
			[0,1.817450024,2.998140501,-1.485948109,-3,3,0.1877608388,1.374622001,3,1.904120606],
			[0,0.8794874675,-3,3,-3,3,-3,0.117496637,-1.983478026,3],
			[0,1.213431308,3,3,2.107329091,3,3,2.99699917,1.927385458,-1.462109167],
			[0,-0.769274169,1.25861657,-2.978892941,-3,3,-0.5473272888,0.469702111,2.988500488,1.883321513],
			[0,1.449540832,-3,3,-3,3,-3,3,1.300288794,3],
			[0,-1.333192701,3,-2.976326982,-3,3,-0.5396777609,1.185489294,0.4934792536,1.649656408]
		]
	}
}
