{
	"model": {
		"Parameters": [
			[2],
			[2],
			[3],
			[0.1],
			[0]
		],
		"nr_class": 2,
		"totalSV": 3,
		"rho": 9.108490029e-06,
		"Label": {
			"_ArrayType_": "double",
			"_ArraySize_": [0,0],
			"_ArrayData_": null
		},
		"sv_indices": [
			[3],
			[7],
			[9]
		],
		"ProbA": {
			"_ArrayType_": "double",
			"_ArraySize_": [0,0],
			"_ArrayData_": null
		},
		"ProbB": {
			"_ArrayType_": "double",
			"_ArraySize_": [0,0],
			"_ArrayData_": null
		},
		"nSV": {
			"_ArrayType_": "double",
			"_ArraySize_": [0,0],
			"_ArrayData_": null
		},
		"sv_coef": [2.699703513e-06,4.556285253e-06,2.744011234e-06],
		"SVs": [
			[0,-0.2185594804,0.2973962189,0.2752579243,-0.09408330401,-0.1214309482,-0.4304463643,0.5494269361,0.4920731514,0.5545354308],
			[0.2333333333,0.6954872834,0.3396233563,0.3284240172,0.04001070461,0.2700175931,0.3835031789,0.5751312122,0.3603071119,0.3568385421],
			[0.2,-0.2783981736,0.299264655,0.2935892754,0.06796177925,0.2818612199,-0.3783955002,0.07038688111,0.3157793345,0.3250152702]
		]
	}
}
