{
	"model": {
		"Parameters": [
			[2],
			[2],
			[3],
			[0.1],
			[0]
		],
		"nr_class": 2,
		"totalSV": 42,
		"rho": 7.742456997e-06,
		"Label": {
			"_ArrayType_": "double",
			"_ArraySize_": [0,0],
			"_ArrayData_": null
		},
		"sv_indices": [
			[20],
			[28],
			[31],
			[40],
			[41],
			[46],
			[49],
			[51],
			[56],
			[58],
			[60],
			[61],
			[63],
			[71],
			[77],
			[79],
			[80],
			[81],
			[89],
			[91],
			[92],
			[98],
			[99],
			[106],
			[107],
			[112],
			[113],
			[121],
			[122],
			[124],
			[133],
			[135],
			[140],
			[145],
			[147],
			[148],
			[149],
			[150],
			[154],
			[155],
			[171],
			[190]
		],
		"ProbA": {
			"_ArrayType_": "double",
			"_ArraySize_": [0,0],
			"_ArrayData_": null
		},
		"ProbB": {
			"_ArrayType_": "double",
			"_ArraySize_": [0,0],
			"_ArrayData_": null
		},
		"nSV": {
			"_ArrayType_": "double",
			"_ArraySize_": [0,0],
			"_ArrayData_": null
		},
		"sv_coef": [1.817052658e-06,7.425869201e-07,1.054473301e-06,4.787430732e-07,7.742457066e-06,7.74245724e-06,7.742457458e-06,7.742457349e-06,7.742457089e-06,7.742456774e-06,7.742457171e-06,7.592988433e-06,3.707553943e-06,2.791369823e-06,6.480849594e-06,6.527833536e-06,4.31316978e-06,2.930669024e-06,5.627516946e-06,7.732384338e-06,3.471302067e-06,7.73221765e-06,1.918676338e-06,4.022090437e-06,9.239300392e-07,6.302290193e-07,4.738051749e-06,7.721530815e-06,6.413885537e-06,2.205271537e-06,4.848492498e-07,7.742457301e-06,4.936448877e-07,6.724742051e-06,7.451325058e-06,7.721448824e-06,2.644754528e-06,4.176857735e-06,1.965769445e-06,3.536042914e-07,2.147944145e-06,2.32102578e-06],
		"SVs": [
			[0,0.181566843,1.46714759,1.251343261,-0.9535997853,-0.08849457957,-0.3192865931,0.17148227,1.173418434,0.9186881636],
			[0.2333333333,0.5235622195,-0.08963526409,-0.06648437403,-0.1334690018,-0.06864124205,0.2581170898,0.320219243,-0.01626491246,0.04913299118],
			[0.1666666667,1.02888238,0.2487542837,0.2530128309,0.07038625932,0.2795527181,0.6154749031,0.7142422539,0.2799393362,0.3046597667],
			[0.2333333333,0.2031706492,-0.1471575833,-0.1072409813,0.5748550261,0.08513160024,-0.176796671,0.8644233704,0.005781691697,0.09707794665],
			[0.2333333333,31.3018393,910.956718,-990.7676201,17.78726209,-8.906295157,-29.50407424,-3.306084851,-267.0012084,355.5314753],
			[0.2,-1.449240472,75.25129032,-19.62327293,2.995295816,-11.52667991,1.012535811,1.559109255,-105.1441932,62.96496251],
			[0.2,25.25846625,68.6391584,-266.2548332,-2.892979927,85.10900005,-29.01911336,5.130912765,106.6618655,-14.11117596],
			[0.2,73.38189055,-67.29160584,11.73148985,-90.06773013,120.711019,-169.1887096,175.122475,42.8172241,79.59190401],
			[0.2666666667,5.564355374,72.57623293,-130.758456,2.990848585,10.47469603,-8.0594892,3.202052646,68.92964731,-25.60352168],
			[0.2333333333,494.71393,79.37523074,-289.0433108,-10.38762693,66.53522993,-629.7247797,23.75993965,187.3636844,-58.30637041],
			[0.1333333333,34.49594497,-40.39612578,-35.58593185,-40.99956015,74.23167799,-51.73392078,21.99436877,-8.138579934,60.41041823],
			[0.1333333333,-4.607033447,3.258036976,2.224238367,-2.888610663,0.5768114991,4.700343532,-1.508148738,1.184547968,-0.6745505587],
			[0.1333333333,-0.7309354745,0.5175460234,-0.6167899161,-3.235461833,4.810027519,1.379310456,-0.0570704734,-1.36409221,-1.685630339],
			[0.1333333333,-2.344583641,1.217903795,-0.4358420377,-3.215410206,4.176495185,2.449067607,1.277223454,-1.253122239,-2.013042579],
			[0.1333333333,-5.154049014,3.301911531,-0.7702781619,-4.487508976,5.084544889,4.655718849,2.545139063,-1.107998381,-3.240445416],
			[0.1333333333,-5.341365605,7.261940283,0.06730527817,-6.174367703,5.221722793,6.360706881,-2.301534634,-0.04693795339,-4.221442699],
			[0.1333333333,-0.09978097706,-0.2429674302,-0.3308912624,0.3287006679,1.17990251,-1.139002207,1.564813155,-0.6124524711,-0.7115104764],
			[0.1333333333,1.278895916,1.601456771,0.8150850848,-1.518030211,1.197540756,-0.2226769793,-3.429810156,0.3004993119,-0.3851862498],
			[0.1,-2.753495107,4.06893943,-0.5643319762,-7.296502807,7.81037255,3.08345416,0.310110115,-2.238258844,-5.141311383],
			[0.1,-5.839843262,9.204906553,4.336255875,-1.116097464,-5.155158408,6.339908039,-7.990912006,5.557772642,0.1271917599],
			[0.1,-0.2919398736,1.695391898,0.7366795768,-3.816336099,3.428714672,-1.552549747,-1.071269109,0.814077383,0.4679955684],
			[0.1,1.440029604,5.535452272,3.508242186,4.33031953,-9.607513648,-0.9562891419,-3.913381266,6.588259103,4.021009082],
			[0.1333333333,-0.3795254303,0.6347543472,0.03913410005,-2.011417453,2.977468014,-0.2674078019,1.733790179,-0.474083778,-0.6408785485],
			[0.1,-0.4740417499,3.361378399,2.323711463,-3.915950657,0.8548024208,-0.8234864915,-0.9293421586,2.647554281,1.884317165],
			[0.1,-0.4334727777,2.780888011,1.613258401,-2.66088001,1.792469268,0.7604938381,-0.3163669344,1.665062207,0.8433123609],
			[0.1,1.220818506,1.491166115,1.207189592,-2.904277264,2.506550993,-0.6234912544,-3.366556569,-0.2483752984,-0.3842168931],
			[0.1,0.2291949591,2.662509252,0.2709842038,-4.389476598,4.915122105,1.227066165,-4.548672465,-0.2778207256,-1.63041643],
			[0.1,5.714907162,6.909798974,-0.5064135837,-5.698124191,5.391951513,-5.719320237,-3.623690223,-1.736429356,-6.408184347],
			[0.1,0.3213612778,4.883954759,-0.72367552,-5.812801342,6.577066627,-0.3780258777,-3.667826508,-0.7779962894,-3.6239678],
			[0.1,-0.1233157589,3.307944722,1.600346881,-3.954359489,1.728725676,-1.121191431,-0.3334384346,2.791518826,1.934390698],
			[0.1,1.112416606,1.933940957,1.28785704,-1.599974404,0.3568262986,-0.808438179,-3.154026446,0.6337477553,-0.0131242582],
			[0.1,-2.150020447,15.01667425,9.987202645,4.288654303,-16.31604832,3.434159371,-10.90508729,8.310706766,-4.161744864],
			[0.06666666667,-0.7283989765,0.7606384764,0.5489239815,-0.9796327794,0.06968762932,-0.7486779625,0.1230459077,0.6955381562,0.5727967377],
			[0.1,3.556747366,1.619803135,1.206873951,-1.648595942,0.4838694292,-2.800367213,-4.300221658,1.70818982,1.19362046],
			[0.1,3.115567436,5.210725097,-1.078216869,-7.841384429,9.674440727,-0.9816370667,-5.842055346,-2.07242039,-5.389376131],
			[0.1,-1.54451454,5.638681913,2.766308524,1.323679056,-5.659671655,2.331348341,-5.34811287,3.756395135,0.6632325055],
			[0.1,-4.666860242,5.515170191,-0.1929033821,-6.126150306,5.959675547,4.916241138,0.6057253269,-1.406700685,-5.129833349],
			[0.1,-4.052714329,5.738721133,-1.422891229,-6.879772187,7.948624127,4.813833259,-1.492390386,-1.170300474,-4.774841657],
			[0.1,0.9310413031,2.363301795,0.7505155944,-3.592120283,3.787502776,-0.1411581839,-4.078712534,-0.3046784493,-1.229992247],
			[0.1,1.040478447,2.886597679,1.853065711,-2.120476544,0.5821378881,-0.8718347467,-2.181303697,1.726947976,0.8357977685],
			[0.1,-2.18471038,1.444634816,-0.01094829939,-3.022851936,3.688119003,2.416596782,0.821256629,-0.4106503112,-0.9242557576],
			[0,0.9375375336,0.9454534957,0.8035657762,0.4190102066,2.01346411,0.4367519202,0.1080354273,0.5758832259,0.4610790265]
		]
	}
}
