{
	"model": {
		"Parameters": [
			[3],
			[2],
			[3],
			[0.1],
			[0]
		],
		"nr_class": 2,
		"totalSV": 97,
		"rho": 8.711202942,
		"Label": {
			"_ArrayType_": "double",
			"_ArraySize_": [0,0],
			"_ArrayData_": null
		},
		"sv_indices": [
			[1],
			[2],
			[3],
			[4],
			[5],
			[6],
			[7],
			[8],
			[9],
			[10],
			[11],
			[12],
			[13],
			[14],
			[15],
			[16],
			[17],
			[18],
			[19],
			[20],
			[21],
			[22],
			[23],
			[24],
			[25],
			[26],
			[27],
			[29],
			[30],
			[31],
			[32],
			[34],
			[35],
			[36],
			[37],
			[38],
			[39],
			[40],
			[41],
			[42],
			[43],
			[45],
			[46],
			[47],
			[48],
			[49],
			[50],
			[51],
			[52],
			[53],
			[54],
			[55],
			[56],
			[57],
			[58],
			[59],
			[60],
			[61],
			[62],
			[63],
			[64],
			[65],
			[66],
			[67],
			[68],
			[69],
			[70],
			[71],
			[72],
			[73],
			[74],
			[75],
			[76],
			[77],
			[78],
			[79],
			[80],
			[81],
			[82],
			[83],
			[84],
			[85],
			[86],
			[87],
			[88],
			[89],
			[90],
			[91],
			[92],
			[93],
			[94],
			[95],
			[96],
			[97],
			[98],
			[99],
			[100]
		],
		"ProbA": {
			"_ArrayType_": "double",
			"_ArraySize_": [0,0],
			"_ArrayData_": null
		},
		"ProbB": {
			"_ArrayType_": "double",
			"_ArraySize_": [0,0],
			"_ArrayData_": null
		},
		"nSV": {
			"_ArrayType_": "double",
			"_ArraySize_": [0,0],
			"_ArrayData_": null
		},
		"sv_coef": [
			[1],
			[1],
			[-1],
			[1],
			[0.7221310737],
			[1],
			[1],
			[-1],
			[1],
			[-1],
			[1],
			[-1],
			[-1],
			[1],
			[-1],
			[1],
			[1],
			[-1],
			[-1],
			[-1],
			[-1],
			[-1],
			[1],
			[1],
			[-1],
			[-1],
			[1],
			[1],
			[1],
			[1],
			[-1],
			[1],
			[-1],
			[-1],
			[1],
			[-1],
			[-1],
			[-1],
			[-1],
			[1],
			[1],
			[1],
			[1],
			[1],
			[1],
			[1],
			[1],
			[1],
			[1],
			[1],
			[1],
			[1],
			[-1],
			[1],
			[1],
			[-1],
			[1],
			[-1],
			[1],
			[-1],
			[-1],
			[-1],
			[1],
			[1],
			[1],
			[1],
			[1],
			[-1],
			[-1],
			[-1],
			[-1],
			[-1],
			[-1],
			[-1],
			[1],
			[-1],
			[-1],
			[-1],
			[1],
			[1],
			[-1],
			[1],
			[0.2778689263],
			[-1],
			[-1],
			[-1],
			[-1],
			[-1],
			[-1],
			[1],
			[1],
			[-1],
			[1],
			[-1],
			[-1],
			[-1],
			[-1]
		],
		"SVs": [
			[0,0.1587008213,0.3940897439,0.4099329804,0.6370504402,0.7244427137,-0.02601796954,0.2143349379,0.2791464979,0.2366274881],
			[0,0.1587008213,0.3940897439,0.4099329804,0.6370504402,0.7244427137,-0.02601796954,0.2143349379,0.2791464979,0.2366274881],
			[0,1.013200827,1.263275337,1.192454459,0.6087533471,-1.968741437,0.4446586817,0.6941763216,1.547292105,1.348021244],
			[0,0.1047100012,0.3335599831,0.3264502926,0.1012325798,0.386329371,-0.1625419463,0.4830190994,0.3628549945,0.3756298563],
			[0,0.3256160989,0.5067035646,0.4643143504,0.03616846319,0.452239572,0.02453231534,0.4089599651,0.5127526807,0.4930847019],
			[0,0.5098491183,0.4357471878,0.3785534759,-0.3564157845,0.2169510979,0.06926376689,0.6613662572,0.5253400184,0.5437769465],
			[0,0.4104767028,0.4526407541,0.4014129845,-0.22263714,0.2305905283,0.05230150765,0.5457013732,0.517117038,0.516251263],
			[0.2666666667,0,0,0,0,0,0,0,0,0],
			[0,0.07323834897,0.2808163573,0.2688748467,0.09541887084,0.3217178633,-0.07734729244,0.1760769315,0.2558591777,0.2398991296],
			[0,0,0,0,0,0,0,0,0,0],
			[0,0.1668076467,0.1143128989,0.1544629611,-0.6605585399,-0.1591381995,-0.4235146873,0.3940694282,0.2522201325,0.3453285232],
			[0,-0.2901313674,0.4720160565,7.510606993,1.664629854,-11.16636811,1.66476541,0.5371510929,1.274104447,2.051788318],
			[0,-0.05699141134,0.3972305598,6.218574902,1.53527265,-9.085047912,1.535502016,0.4891369153,0.9289545452,1.44678632],
			[0,0.09102110632,0.275317901,0.2352395287,-0.09183624995,0.1421064562,-0.1512316157,0.2138084441,0.2861411569,0.2602517594],
			[0,0,0,0,0,0,0,0,0,0],
			[0,0.1004770317,0.1530724379,0.1598897188,0.02770906316,0.336692524,-0.1528930455,0.3403992882,0.186945949,0.22941795],
			[0,0.04270116559,0.4255049856,0.4379159279,0.3136979624,0.3534618078,-0.1615197092,0.4378933714,0.484749416,0.4900329151],
			[0,0,0,0,0,0,0,0,0,0],
			[0,-111.3357599,71.3435833,-234.9139996,-2.072153844,-2.580074994,31.42731327,125.7808419,136.0623057,22.59802687],
			[0,-0.006646725002,-0.239540587,-0.1229644134,-0.0002492521876,-1,-8.308406252e-05,-0.006646725002,-0.2397993615,-0.2400584176],
			[0,-0.02809621804,0.04536548487,0.03898002372,0.05684053474,0.4493395417,-0.03607973734,-0.001587459907,0.04187989619,0.05037187445],
			[0.4333333333,0,0,0,0,0,0,0,0,0],
			[0.1333333333,0.097678509,0.3061027522,0.3066134754,0.1421381389,0.3876402253,-0.1233567517,0.3399435655,0.3110797669,0.3227304986],
			[0,-0.06542325514,0.3230862367,0.3188515508,0.1758655697,0.3946100521,-0.2703990703,0.1424530929,0.3192813587,0.3177900965],
			[0,0,0,0,0,0,0,0,0,0],
			[0,-0.04356522063,0.07085324651,0.07358622879,0.01886823139,0.4147759615,-0.05183049338,-0.003253135068,0.08562302659,0.09694159892],
			[0,0.04671335769,0.3989050696,0.3812227,0.1628145341,0.4577130962,-0.1631329629,0.1893846122,0.3949141197,0.3871860045],
			[0,-0.007133327711,0.3410093392,0.3323727316,0.154451471,0.3981265816,-0.2252876307,0.2044133973,0.3478176917,0.3475525126],
			[0,-0.05247074811,0.2890434779,0.2619935619,0.2765308484,0.4521886899,-0.1329421643,0.03494346681,0.2476154982,0.2207450631],
			[0,-0.05073584393,0.3373088112,0.3168381754,-0.1357858696,0.1925244404,-0.2667105553,0.1560972328,0.3797368496,0.3859446472],
			[0,0.258627056,0.1011126249,15.68321002,-2.552383094,-18.06690093,-2.551630647,0.5534912095,0.3945079609,0.6873753484],
			[0,-0.2185594804,0.2973962189,0.2752579243,-0.09408330401,-0.1214309482,-0.4304463643,0.5494269361,0.4920731514,0.5545354308],
			[0,0.4108745642,0.5618948858,0.4815230704,-0.153083758,0.4461339706,0.0739064775,0.4763147269,0.6158998759,0.6091538757],
			[0,0.4108745642,0.5618948858,0.4815230704,-0.153083758,0.4461339706,0.0739064775,0.4763147269,0.6158998759,0.6091538757],
			[0,0.4951965296,0.5285323215,0.4501922377,-0.1951768853,0.3697636476,0.1558935614,0.5304559343,0.5981394292,0.5985744328],
			[0,0.4108745642,0.5618948858,0.4815230704,-0.153083758,0.4461339706,0.0739064775,0.4763147269,0.6158998759,0.6091538757],
			[0,0.4108745642,0.5618948858,0.4815230704,-0.153083758,0.4461339706,0.0739064775,0.4763147269,0.6158998759,0.6091538757],
			[0.1,0,0,0,0,0,0,0,0,0],
			[0.6333333333,0.5939588478,0.6915617877,0.7119645914,0.3375924928,-0.1294802747,0.2533773924,0.4834727552,0.6644484985,0.6147962543],
			[0.2,0.2158326595,0.4875384155,0.3992300897,-0.2294949581,0.2836915486,-0.03548947727,0.3718511427,0.5701971929,0.5673686717],
			[0.2666666667,0.06131904264,0.4734616305,0.4007254827,-0.1746104978,0.2180235521,-0.1348434751,0.260135415,0.5632489864,0.5621996695],
			[0.1666666667,0.1667189899,0.4744062394,0.3912649206,-0.2719541561,0.2583205142,-0.1080720021,0.366669743,0.5708851575,0.580167269],
			[0.1666666667,0.1667189899,0.4744062394,0.3912649206,-0.2719541561,0.2583205142,-0.1080720021,0.366669743,0.5708851575,0.580167269],
			[0.1666666667,0.2213282538,0.6623043128,0.7049714811,0.9235843784,1,0.0696261813,0.2473138283,0.4912946743,0.4042920806],
			[0.1666666667,0.1667189899,0.4744062394,0.3912649206,-0.2719541561,0.2583205142,-0.1080720021,0.366669743,0.5708851575,0.580167269],
			[0.1666666667,0.1667189899,0.4744062394,0.3912649206,-0.2719541561,0.2583205142,-0.1080720021,0.366669743,0.5708851575,0.580167269],
			[0.1666666667,0.2581839915,0.4644292782,0.3826890755,-0.3192043447,0.2292456153,-0.04108166552,0.4656801635,0.5746771508,0.5941129463],
			[0.1666666667,0.1667189899,0.4744062394,0.3912649206,-0.2719541561,0.2583205142,-0.1080720021,0.366669743,0.5708851575,0.580167269],
			[0.1666666667,0.5120375127,0.516972239,0.4421948848,-0.215225072,0.3437738214,0.1867635082,0.5481247913,0.5989827372,0.6065145601],
