{
	"model": {
		"Parameters": [
			[2],
			[2],
			[3],
			[0.1],
			[0]
		],
		"nr_class": 2,
		"totalSV": 47,
		"rho": 3.994280484e-05,
		"Label": {
			"_ArrayType_": "double",
			"_ArraySize_": [0,0],
			"_ArrayData_": null
		},
		"sv_indices": [
			[11],
			[128],
			[131],
			[153],
			[159],
			[192],
			[216],
			[290],
			[297],
			[311],
			[355],
			[372],
			[398],
			[399],
			[405],
			[414],
			[420],
			[422],
			[449],
			[464],
			[468],
			[470],
			[471],
			[472],
			[476],
			[491],
			[495],
			[517],
			[528],
			[529],
			[533],
			[538],
			[541],
			[546],
			[547],
			[548],
			[551],
			[552],
			[565],
			[573],
			[574],
			[576],
			[595],
			[597],
			[598],
			[602],
			[604]
		],
		"ProbA": {
			"_ArrayType_": "double",
			"_ArraySize_": [0,0],
			"_ArrayData_": null
		},
		"ProbB": {
			"_ArrayType_": "double",
			"_ArraySize_": [0,0],
			"_ArrayData_": null
		},
		"nSV": {
			"_ArrayType_": "double",
			"_ArraySize_": [0,0],
			"_ArrayData_": null
		},
		"sv_coef": [1.254703345e-05,1.478761834e-05,2.772655049e-06,4.611453109e-06,1.260007906e-05,9.83360896e-06,1.211193007e-05,7.498193944e-06,1.975038629e-05,1.996390249e-05,2.795384848e-06,6.670286517e-06,1.960125203e-05,9.67742603e-06,3.199462906e-06,1.124623563e-05,1.521373365e-05,7.464045835e-06,1.658815832e-05,4.093092724e-06,1.72644275e-05,1.929469414e-05,9.626692566e-06,1.179815003e-05,4.682220972e-06,9.689624572e-06,1.054455903e-05,1.039833603e-05,1.973839422e-05,8.703736582e-06,1.184426459e-05,1.871438467e-05,2.115175857e-05,1.391759914e-05,3.994277763e-05,9.52212505e-06,3.994280474e-05,9.164262058e-06,1.242554943e-05,1.997935236e-05,1.662595088e-05,1.206552463e-05,1.684515605e-05,1.928242116e-05,4.08226866e-06,4.21047996e-06,1.251654553e-05],
		"SVs": [
			[0.1333333333,-5.341365605,7.261940283,0.06730527817,-6.174367703,5.221722793,6.360706881,-2.301534634,-0.04693795339,-4.221442699],
			[0.2,-5.154049014,3.301911531,-0.7702781619,-4.487508976,5.084544889,4.655718849,2.545139063,-1.107998381,-3.240445416],
			[0,1.278895916,1.601456771,0.8150850848,-1.518030211,1.197540756,-0.2226769793,-3.429810156,0.3004993119,-0.3851862498],
			[0.2666666667,-0.4334727777,2.780888011,1.613258401,-2.66088001,1.792469268,0.7604938381,-0.3163669344,1.665062207,0.8433123609],
			[0.2666666667,0.2291949591,2.662509252,0.2709842038,-4.389476598,4.915122105,1.227066165,-4.548672465,-0.2778207256,-1.63041643],
			[0,-4.052714329,5.738721133,-1.422891229,-6.879772187,7.948624127,4.813833259,-1.492390386,-1.170300474,-4.774841657],
			[0,-0.1620065645,-0.006873924719,0.05510051882,0.5776005931,0.4117164244,-0.2958323922,0.01725576917,0.06226451886,0.1420770604],
			[0,-0.3795254303,0.6347543472,0.03913410005,-2.011417453,2.977468014,-0.2674078019,1.733790179,-0.474083778,-0.6408785485],
			[0.1666666667,-0.4740417499,3.361378399,2.323711463,-3.915950657,0.8548024208,-0.8234864915,-0.9293421586,2.647554281,1.884317165],
			[0.2333333333,5.714907162,6.909798974,-0.5064135837,-5.698124191,5.391951513,-5.719320237,-3.623690223,-1.736429356,-6.408184347],
			[0,-0.03260088868,0.003364641159,0.06127897492,0.5097651844,0.1534095357,-0.1396882764,0.1333152419,0.07576644413,0.13973502],
			[0,0.181566843,1.46714759,1.251343261,-0.9535997853,-0.08849457957,-0.3192865931,0.17148227,1.173418434,0.9186881636],
			[0,-4.607033447,3.258036976,2.224238367,-2.888610663,0.5768114991,4.700343532,-1.508148738,1.184547968,-0.6745505587],
			[0,-0.7309354745,0.5175460234,-0.6167899161,-3.235461833,4.810027519,1.379310456,-0.0570704734,-1.36409221,-1.685630339],
			[0,-2.344583641,1.217903795,-0.4358420377,-3.215410206,4.176495185,2.449067607,1.277223454,-1.253122239,-2.013042579],
			[0.3,1.278895916,1.601456771,0.8150850848,-1.518030211,1.197540756,-0.2226769793,-3.429810156,0.3004993119,-0.3851862498],
			[0,-2.753495107,4.06893943,-0.5643319762,-7.296502807,7.81037255,3.08345416,0.310110115,-2.238258844,-5.141311383],
			[0,-0.2919398736,1.695391898,0.7366795768,-3.816336099,3.428714672,-1.552549747,-1.071269109,0.814077383,0.4679955684],
			[0.2666666667,0.3213612778,4.883954759,-0.72367552,-5.812801342,6.577066627,-0.3780258777,-3.667826508,-0.7779962894,-3.6239678],
			[0.2666666667,-0.7283989765,0.7606384764,0.5489239815,-0.9796327794,0.06968762932,-0.7486779625,0.1230459077,0.6955381562,0.5727967377],
			[0.2666666667,3.556747366,1.619803135,1.206873951,-1.648595942,0.4838694292,-2.800367213,-4.300221658,1.70818982,1.19362046],
			[0.2666666667,3.115567436,5.210725097,-1.078216869,-7.841384429,9.674440727,-0.9816370667,-5.842055346,-2.07242039,-5.389376131],
			[0.2666666667,-4.666860242,5.515170191,-0.1929033821,-6.126150306,5.959675547,4.916241138,0.6057253269,-1.406700685,-5.129833349],
			[0.2666666667,-4.052714329,5.738721133,-1.422891229,-6.879772187,7.948624127,4.813833259,-1.492390386,-1.170300474,-4.774841657],
			[0.2666666667,0.9310413031,2.363301795,0.7505155944,-3.592120283,3.787502776,-0.1411581839,-4.078712534,-0.3046784493,-1.229992247],
			[0,-2.18471038,1.444634816,-0.01094829939,-3.022851936,3.688119003,2.416596782,0.821256629,-0.4106503112,-0.9242557576],
			[0.3,0.9375375336,0.9454534957,0.8035657762,0.4190102066,2.01346411,0.4367519202,0.1080354273,0.5758832259,0.4610790265],
			[0,1.02888238,0.2487542837,0.2530128309,0.07038625932,0.2795527181,0.6154749031,0.7142422539,0.2799393362,0.3046597667],
			[0.2666666667,-4.607033447,3.258036976,2.224238367,-2.888610663,0.5768114991,4.700343532,-1.508148738,1.184547968,-0.6745505587],
			[0.2666666667,-0.7309354745,0.5175460234,-0.6167899161,-3.235461833,4.810027519,1.379310456,-0.0570704734,-1.36409221,-1.685630339],
			[0.2666666667,-2.344583641,1.217903795,-0.4358420377,-3.215410206,4.176495185,2.449067607,1.277223454,-1.253122239,-2.013042579],
			[0,-5.154049014,3.301911531,-0.7702781619,-4.487508976,5.084544889,4.655718849,2.545139063,-1.107998381,-3.240445416],
			[0,-5.341365605,7.261940283,0.06730527817,-6.174367703,5.221722793,6.360706881,-2.301534634,-0.04693795339,-4.221442699],
			[0.2666666667,-2.753495107,4.06893943,-0.5643319762,-7.296502807,7.81037255,3.08345416,0.310110115,-2.238258844,-5.141311383],
			[0.2666666667,-5.839843262,9.204906553,4.336255875,-1.116097464,-5.155158408,6.339908039,-7.990912006,5.557772642,0.1271917599],
			[0.2666666667,-0.2919398736,1.695391898,0.7366795768,-3.816336099,3.428714672,-1.552549747,-1.071269109,0.814077383,0.4679955684],
			[0,1.440029604,5.535452272,3.508242186,4.33031953,-9.607513648,-0.9562891419,-3.913381266,6.588259103,4.021009082],
			[0.2666666667,-0.3795254303,0.6347543472,0.03913410005,-2.011417453,2.977468014,-0.2674078019,1.733790179,-0.474083778,-0.6408785485],
			[0,0.2291949591,2.662509252,0.2709842038,-4.389476598,4.915122105,1.227066165,-4.548672465,-0.2778207256,-1.63041643],
			[0,5.714907162,6.909798974,-0.5064135837,-5.698124191,5.391951513,-5.719320237,-3.623690223,-1.736429356,-6.408184347],
			[0,0.3213612778,4.883954759,-0.72367552,-5.812801342,6.577066627,-0.3780258777,-3.667826508,-0.7779962894,-3.6239678],
			[0,-0.1233157589,3.307944722,1.600346881,-3.954359489,1.728725676,-1.121191431,-0.3334384346,2.791518826,1.934390698],
			[0,3.556747366,1.619803135,1.206873951,-1.648595942,0.4838694292,-2.800367213,-4.300221658,1.70818982,1.19362046],
			[0,3.115567436,5.210725097,-1.078216869,-7.841384429,9.674440727,-0.9816370667,-5.842055346,-2.07242039,-5.389376131],
			[0,-4.666860242,5.515170191,-0.1929033821,-6.126150306,5.959675547,4.916241138,0.6057253269,-1.406700685,-5.129833349],
			[0,0.9310413031,2.363301795,0.7505155944,-3.592120283,3.787502776,-0.1411581839,-4.078712534,-0.3046784493,-1.229992247],
			[0,1.007539551,2.611773933,1.460028706,-3.21754581,1.633575573,-0.4790671358,-4.129502739,1.378733986,0.5357574092]
		]
	}
}
