{
	"player_model": {
		"model": {
			"Parameters": [
				[2],
				[2],
				[3],
				[0.03846153846],
				[0]
			],
			"nr_class": 2,
			"totalSV": 8,
			"rho": 0.0005052314081,
			"Label": {
				"_ArrayType_": "double",
				"_ArraySize_": [0,0],
				"_ArrayData_": null
			},
			"sv_indices": [
				[4],
				[42],
				[294],
				[436],
				[452],
				[477],
				[525],
				[590]
			],
			"ProbA": {
				"_ArrayType_": "double",
				"_ArraySize_": [0,0],
				"_ArrayData_": null
			},
			"ProbB": {
				"_ArrayType_": "double",
				"_ArraySize_": [0,0],
				"_ArrayData_": null
			},
			"nSV": {
				"_ArrayType_": "double",
				"_ArraySize_": [0,0],
				"_ArrayData_": null
			},
			"sv_coef": [5.027892299e-05,0.0001264053468,0.0001120303864,6.758558461e-05,2.7792965e-05,0.0001131383774,7.994631184e-05,4.982210496e-05],
			"SVs": [
				[0.02209513907,-1,0.005326350275,-0.01531320846,-0.01207084776,0.1509530129,0.0128434185,0.008987722685,-0.04562913721,-0.1109240142,-0.01536701802,-0.00802372343,0.0508499386,-1,-0.01059263202,-0.00720420972,-0.001589382197,1,0.02797876747,0.005802849371,-0.04293492979,0.003145796648,-0.0001623338148,-0.002338331436,0.0008252263996,0.002478819147],
				[-0.1408890044,-0.1084012535,0.02014936504,-0.3702024633,-0.002067845291,-0.0007973611485,0.002105611911,-1,-0.009022799261,-0.007907038836,-0.01084840667,1,0.07830889363,0.04800361705,-0.002800738208,1,-0.142232023,-0.01213486625,-0.032196931,-1,0.1147954282,0.003181206066,0.0005606393515,-0.002770737234,0.001762687387,-0.0009328521921],
				[-0.6298414349,0.2800088446,-9.19610576e-05,-0.01547661631,-0.005970025144,-1,0.03004737882,-0.001272061786,-0.007088805222,0.7508481277,0.005088219741,-0.001610010066,-0.004661321818,0.1689299618,-0.01538431056,-0.008658146832,0.02176495432,0.9322759057,-0.06621882678,0.002615765573,-0.028954939,0.04275047805,0.0006485817594,0.006775419519,0.000963125468,-0.04959029296],
				[0.5110475695,-0.02167628471,0.09645771382,0.2258519349,-0.09705500531,0.01016167973,-1,-0.0197379543,0.004570693054,0.0222819948,1,-0.00986158669,0.005690836331,0.09267119802,0.3363466386,0.02976783681,-0.06362264155,-0.1551258688,-0.7557854396,0.04355015659,0.007322620166,0.003548009971,0.000648553117,-0.00294770065,0.001596953487,-0.0001112849864],
				[0.5110475695,-0.02059629053,-1,-0.008265123841,-0.006074312213,-0.004129560804,0.2117471328,0.003259846462,-0.01414937552,0.006234057468,-0.2800227597,-0.003242013224,0.009973415224,0.003917365842,1,-0.0003005488139,0.008829443753,-0.006477836847,-0.711501805,0.001924595315,-0.01660177266,-0.107163051,0.0005762327728,-0.06213069942,0.001055477911,-0.001615139346],
				[0.674031713,0.4279584562,-0.06629342094,-0.006551899053,-0.1130762129,0.0299440531,-0.0270667652,0.02818724676,0.06217399383,0.02426123773,-0.02857087905,-0.03280562632,-0.05335924518,0.1048331103,0.02330082575,-0.02454689798,-0.009400850281,-0.2210738172,-0.03944074037,0.02273371226,0.01445282613,1,-0.530573373,0.5302992316,1,-8.60256552e-05],
				[0.674031713,-0.7903339836,-0.02720809092,-0.2475371806,0.2473864343,0.7494045378,0.111401758,-0.008389085666,-0.008674433054,-1,-0.1743302503,-0.005521301198,-0.003543471513,-0.04270098821,0.1196591323,0.05524233847,0.008236861874,0.1015281657,-0.1187079365,0.003178002048,-0.01499121557,0.03694869837,-0.01743874486,-0.002947671504,0.001265463392,-0.001304814846],
				[-0.6298414349,0.03713313636,0.01691463385,-0.008873907359,-0.006704981248,0.0219075836,0.01849736785,7.538691986e-05,-0.0005574085247,-0.04348890932,-0.02305032772,-0.0005679723481,0.0006350808065,-0.0144353806,-0.0159868613,-0.01850750054,0.0151804517,0.03851037715,0.03811043993,0.0108397299,-0.02787303996,0.007739042452,-0.001857194569,-0.2472695603,-0.903278077,-1]
			]
		},
		"Xmean": [0.1288144604,2.195057231,-3.376067488,3.417285251,0.5265471713,-8.591789137,-19.18752111,-4.737326268,5.603399637,10.15947484,17.39725022,7.315207986,-4.108751442,-13.29831712,9.666212949,8.965629237,-13.45675753,10.72703835,-4.44091719,-9.35771855,11.3300875,-10.11861089,-3.178476359,16.16047366,-4.318247597,1.259094758],
		"Xscale": [0.2045188729,160.4603849,499.9543154,279.8858698,214.3841699,2822.158851,2678.697106,7575.645428,6155.930125,2460.616896,3032.084002,10018.9396,7376.783389,1211.675905,1398.583609,1433.578231,1950.63319,991.5096786,696.2441615,2619.994323,1057.856889,3023.572032,5672.423259,5652.087875,3017.27168,1348.158736]
	}
}
